<?xml version="1.0" encoding="UTF-8" standalone="yes"?>
<addon id="plugin.video.ultimatemania" name="Ultimatemania" version="4.0.1" provider-name="Mania Services">
  <requires>
    <import addon="xbmc.python" version="2.1.0"/>
	<import addon="script.module.addon.common" />
  </requires>
  <extension point="xbmc.python.pluginsource" library="init.py">
        <provides>video</provides>
  </extension>
  <extension point="xbmc.addon.metadata">
    <summary lang="en"></summary>
	<website>http://ultimatemania.rocks</website>
<description lang="en">Please visit http://ultimatemania.rocks/payments to signup to Ultimate Mania to view our crystal clear HD streams.
        </description>
    <platform>all</platform>
  </extension>
</addon>
