<?xml version="1.0" encoding="UTF-8" standalone="yes"?>
<addon id="plugin.video.maniaguidesm" name="Sportsmania Guide"
version="0.9"
provider-name="rolica, ManiaTeam">
    <requires>
        <import addon="xbmc.python" version="2.19.0"/>
        <import addon="script.module.simplejson" version="3.3.0"/>
        <import addon="script.module.requests" version="2.9.1" />
        <import addon="script.module.dateutil" version="2.4.2" />
        <import addon="script.module.pil" />
		<import addon="script.module.beautifulsoup4" />
    </requires>
    <extension point="xbmc.python.script" library="addon.py">
            <provides>video</provides>
    </extension>
    <extension point="xbmc.service" library="service.py" start="login"/>
    <extension point="xbmc.addon.metadata">
        <description lang="en">You need an active subscription to Sportsmania for this to work. http://sportsmania.rocks</description>
        <disclaimer lang="en">Based on the original TV Guide addon by twinther, FTV Guide, Midraal's fork and Primaevals latest.</disclaimer>
		<summary lang="en">The Official TV Guide for the Mania Services.</summary>
		<news>v0.9  (2018-03-02)- Release 
- New Colour Theme Builder Added
- Create your own colours
- New Action Bar Buttons
- Addon Much Lighter Now
- EPL Button Goes to Correct Matchday
- Guide Settings Button Now Works Correctly
- Action Bar Now Lands At Categories Instead of Search
- Font Size Adjustment Added
		</news>
        <language>en_GB</language>
        <platform>all</platform>
        <license>GPLv2</license>
        <forum>https://mania.guide/support/</forum>
        <source></source>
        <website>https://mania.guide</website>
        <email>tvguide@rolica.co.uk</email>
		<assets>
			<icon>resources/icon.png</icon>
			<fanart>resources/fanart.jpg</fanart>
			<screenshot>resources/screenshot-01.jpg</screenshot>
			<screenshot>resources/screenshot-02.jpg</screenshot>
			<screenshot>resources/screenshot-03.jpg</screenshot>
			<screenshot>resources/screenshot-04.jpg</screenshot>
		</assets>
    </extension>
</addon>
