<?xml version="1.0" encoding="UTF-8" standalone="yes"?>
<addon id="plugin.video.sportsnationhdtv" name="Mania HD" version="3.9.3" provider-name="The Mania Team">
  <requires>
    <import addon="xbmc.python" version="2.1.0"/>
    <import addon="script.module.urlresolver" version="0.0.1"/>
    <import addon="script.module.requests" version="0.0.1"/>
  </requires>
  <extension point="xbmc.python.pluginsource" library="default.py">
        <provides>video</provides>
  </extension>
  <extension point="xbmc.addon.metadata">
    <summary lang="en">24-7 Streaming of various tv shows or show types</summary>
    <description lang="en">This is a premium streaming service you will need an account from http://maniahd.rocks</description>
    <disclaimer lang="en">[COLOR red][B][I]For support please go to http://maniahd.rocks[/B][/I][/COLOR]</disclaimer>
    <platform>all</platform>
  </extension>
</addon>