<?xml version="1.0.1" encoding="UTF-8" standalone="yes"?>
<addon id="repository.themaniaservices" name="The Mania Services Repo" version="1.0" provider-name="The Mania team">
	<extension point="xbmc.addon.repository" name="The Mania Services Addon Repository">
		<info compressed="false">https://raw.githubusercontent.com/maniaser/themaniaservices/master/addons.xml</info>
		<checksum>https://raw.githubusercontent.com/maniaser/themaniaservices/master/addons.xml.md5</checksum>
		<datadir zip="true">https://raw.githubusercontent.com/maniaser/themaniaservices/master/zips</datadir>
	</extension>
	<extension point="xbmc.addon.metadata">
		<summary></summary>
		<description></description>
		<platform>all</platform>
	</extension>
</addon>
