<?xml version="1.0" encoding="UTF-8" standalone="yes"?>
<addon id="plugin.video.maniaguide" name="Ultimate Mania Guide"
version="0.0.85"
provider-name="rolica, ManiaTeam">
    <requires>
        <import addon="xbmc.python" version="2.19.0"/>
        <import addon="script.module.simplejson" version="3.3.0"/>
        <import addon="script.module.requests" version="2.9.1" />
        <import addon="script.module.dateutil" version="2.4.2" />
        <import addon="script.module.pil" />
        <import addon="script.module.beautifulsoup4" />
    </requires>
    <extension point="xbmc.python.script" library="addon.py">
            <provides>video</provides>
    </extension>
    <extension point="xbmc.service" library="service.py" start="login"/>
    <extension point="xbmc.addon.metadata">
        <description lang="en">You need an active subscription to one of the Mania services for this to work. UltimateMania,</description>
        <disclaimer lang="en">Based on the original TV Guide addon by twinther, FTV Guide, Midraal's fork and Primaevals latest.</disclaimer>
		<summary lang="en_GB">The Official TV Guide for the Mania Services.</summary>
		<news>v0.0.85  (2017-08-14)- Release 
- New buttons added to menu bar 
- Kodi/SPMC core audio and video controls now accessible from the menu bar 
- New Categories for Ultimatemania 
- New Quick access EPL button for all EPL live games (EPL lions head button) 
- Can now access tv guide settings from within the tv guide 
- Gamezone button fixed 
- Both calendar buttons now working </news>
        <language>en_GB</language>
        <platform>all</platform>
        <license>GPLv2</license>
        <forum>https://mania.guide/support/</forum>
		<website>https://mania.guide/</website>
		<email>tvguide@rolica.co.uk</email>
        <source></source>
        <website>https://mania.guide</website>
        <email>tvguide@rolica.co.uk</email>
		<assets>
			<icon>resources/media/icon.png</icon>
			<fanart>resources/media/fanart.jpg</fanart>
			<screenshot>resources/media/screenshot-01.jpg</screenshot>
			<screenshot>resources/media/screenshot-02.jpg</screenshot>
			<screenshot>resources/media/screenshot-04.jpg</screenshot>
		</assets>
    </extension>
</addon>
