<?xml version="1.0" encoding="UTF-8" standalone="yes"?>
<addon id="plugin.program.dickowizard" name="SportsMania Wizard" version="2.0.6" provider-name="Dicko the Geordie">
  <requires>
	<import addon="xbmc.python" version="2.1.0"/>
    <import addon="script.module.addon.common" />
  </requires>
  <extension point="xbmc.python.pluginsource" library="default.py">
        <provides>executable</provides>
  </extension>
  <extension point="xbmc.addon.metadata">
    <summary lang="en">Community Builds</summary>
	<description>All the latest and greatest SportsMania, SportsNationHD and UltimateMania builds from Dicko The Geordie and ADR </description>
    <platform>all</platform>
  </extension>
</addon>